{
  "web": {
    "client_id": "591318303565-m4kmaoeta09dg7qt9dv5n76glp1vl67j.apps.googleusercontent.com",
    "project_id": "fhs-majorproject-1609495439106",
    "auth_uri": "https://accounts.google.com/o/oauth2/auth",
    "token_uri": "https://oauth2.googleapis.com/token",
    "auth_provider_x509_cert_url": "https://www.googleapis.com/oauth2/v1/certs",
    "client_secret": "zKod4j9aMi91knurg7PNwLD3",
    "redirect_uris": ["http://localhost:4959"],
    "javascript_origins": ["http://localhost:4959"]
  }
}
